그룹,폴더,상품명,썸네일,썸네일_출처,상세페이지,상세페이지_출처,비고
01_원핸들_세트,3호_4종5P_1.4Lx2+2L+7.3L+13L,이지앤프리 담은 블랙 원핸들 김치통 3호 4종 5P 세트 1.4L 2P + 2L 1P + 7.3L 1P + 13L 1P,"제작불가 - 단품누끼 없음: 원핸들_13L, 원핸들_7.3L, 원핸들_2L, 원핸들_1.4L",,없음(수집 필요),,
01_원핸들_세트,2호_3종4P_1.4Lx2+4.7L+8L,이지앤프리 담은 블랙 원핸들 김치통 2호 3종 4P 세트 1.4L 2P + 4.7L 1P + 8L 1P,"제작불가 - 단품누끼 없음: 원핸들_8L, 원핸들_4.7L, 원핸들_1.4L",,없음(수집 필요),,
01_원핸들_세트,1호_3종4P_1.4Lx2+2L+7.3L,이지앤프리 담은 블랙 원핸들 김치통 1호 3종 4P 세트 1.4L 2P + 2L 1P + 7.3L 1P,"제작불가 - 단품누끼 없음: 원핸들_7.3L, 원핸들_2L, 원핸들_1.4L",,없음(수집 필요),,
02_투핸들_1+1,투핸들_17L_1+1,이지앤프리 담은 블랙 투핸들 김치통 17L 1+1,제작불가 - 단품누끼 없음: 투핸들_17L,,없음(수집 필요),,
02_투핸들_1+1,투핸들_13L_1+1,이지앤프리 담은 블랙 투핸들 김치통 13L 1+1,제작불가 - 단품누끼 없음: 투핸들_13L,,없음(수집 필요),,
02_투핸들_1+1,투핸들_8L_1+1,이지앤프리 담은 블랙 투핸들 김치통 8L 1+1,제작불가 - 단품누끼 없음: 투핸들_8L,,없음(수집 필요),,
03_원핸들_1+1,원핸들_7.3L_1+1,이지앤프리 담은 블랙 원핸들 김치통 7.3L 1+1,제작불가 - 단품누끼 없음: 원핸들_7.3L,,없음(수집 필요),,
03_원핸들_1+1,원핸들_6L_1+1,이지앤프리 담은 블랙 원핸들 김치통 6L 1+1,제작불가 - 단품누끼 없음: 원핸들_6L,,없음(수집 필요),,
03_원핸들_1+1,원핸들_4.7L_1+1,이지앤프리 담은 블랙 원핸들 김치통 4.7L 1+1,제작불가 - 단품누끼 없음: 원핸들_4.7L,,없음(수집 필요),,
03_원핸들_1+1,원핸들_4.3L_1+1,이지앤프리 담은 블랙 원핸들 김치통 4.3L 1+1,제작불가 - 단품누끼 없음: 원핸들_4.3L,,없음(수집 필요),,
03_원핸들_1+1,원핸들_2L_1+1,이지앤프리 담은 블랙 원핸들 김치통 2L 1+1,제작불가 - 단품누끼 없음: 원핸들_2L,,없음(수집 필요),,
03_원핸들_1+1,원핸들_1.4L_2P_1+1,이지앤프리 담은 블랙 원핸들 김치통 1.4L 2P 1+1,제작불가 - 단품누끼 없음: 원핸들_1.4L,,없음(수집 필요),,
04_투핸들_단품,투핸들_17L_1P,이지앤프리 담은 블랙 투핸들 김치통 17L 1P,제작불가 - 단품누끼 없음: 투핸들_17L,,없음(수집 필요),,
